,cell_label
SRR13092477,Malignant cell
SRR13092478,Malignant cell
SRR13092479,Malignant cell
SRR13092480,Malignant cell
SRR13092481,Malignant cell
SRR13092482,Malignant cell
SRR13092483,Malignant cell
SRR13092484,Malignant cell
SRR13092485,Malignant cell
SRR13092486,Malignant cell
SRR13092487,Malignant cell
SRR13092488,Malignant cell
SRR13092489,Malignant cell
SRR13092490,Malignant cell
SRR13092491,Malignant cell
SRR13092492,Malignant cell
SRR13092493,Malignant cell
SRR13092494,Malignant cell
SRR13092495,Malignant cell
SRR13092496,Malignant cell
SRR13092497,Malignant cell
SRR13092498,Malignant cell
SRR13092499,Malignant cell
SRR13092500,Malignant cell
SRR13092501,Malignant cell
SRR13092503,Malignant cell
SRR13092504,Malignant cell
SRR13092506,Malignant cell
SRR13092507,Malignant cell
SRR13092508,Malignant cell
SRR13092509,Malignant cell
SRR13092510,Malignant cell
SRR13092511,Malignant cell
SRR13092512,Malignant cell
SRR13092513,Malignant cell
SRR13092514,Malignant cell
SRR13092515,Malignant cell
SRR13092516,Malignant cell
SRR13092517,Malignant cell
SRR13092518,Malignant cell
SRR13092519,Malignant cell
SRR13092520,Malignant cell
SRR13092521,Malignant cell
SRR13092522,Malignant cell
SRR13092523,Malignant cell
SRR13092524,Malignant cell
SRR13092525,Malignant cell
SRR13092526,Malignant cell
SRR13092527,Malignant cell
SRR13092528,Malignant cell
SRR13092529,Malignant cell
SRR13092530,Malignant cell
SRR13092531,Malignant cell
SRR13092532,Malignant cell
SRR13092533,Malignant cell
SRR13092534,Malignant cell
SRR13092535,Malignant cell
SRR13092536,Malignant cell
SRR13092537,Malignant cell
SRR13092538,Malignant cell
SRR13092539,Malignant cell
SRR13092540,Malignant cell
SRR13092541,Malignant cell
SRR13092542,Malignant cell
SRR13092543,Malignant cell
SRR13092544,Malignant cell
SRR13092545,Malignant cell
SRR13092546,Malignant cell
SRR13092547,Malignant cell
SRR13092548,Malignant cell
SRR13092549,Malignant cell
SRR13092550,Malignant cell
SRR13092551,Malignant cell
SRR13092552,Malignant cell
SRR13092553,Malignant cell
SRR13092554,Malignant cell
SRR13092555,Malignant cell
SRR13092556,Malignant cell
SRR13092557,Malignant cell
SRR13092558,Malignant cell
SRR13092559,Malignant cell
SRR13092560,Malignant cell
SRR13092561,Malignant cell
SRR13092562,Malignant cell
SRR13092563,Malignant cell
SRR13092564,Malignant cell
SRR13092565,Malignant cell
SRR13092566,Malignant cell
SRR13092567,Malignant cell
SRR13092568,Malignant cell
SRR13092569,Malignant cell
SRR13092570,Malignant cell
SRR13092573,Malignant cell
SRR13092574,Malignant cell
SRR13092578,Malignant cell
SRR13092581,Malignant cell
SRR13092582,Malignant cell
SRR13092583,Malignant cell
SRR13092584,Malignant cell
SRR13092585,Malignant cell
SRR13092586,Malignant cell
SRR13092588,Malignant cell
SRR13092590,Malignant cell
SRR13092591,Malignant cell
SRR13092592,Malignant cell
SRR13092594,Malignant cell
SRR13092595,Malignant cell
SRR13092597,Malignant cell
SRR13092598,Malignant cell
SRR13092600,Malignant cell
SRR13092601,Malignant cell
SRR13092603,Malignant cell
SRR13092604,Malignant cell
SRR13092605,Malignant cell
SRR13092606,Malignant cell
SRR13092607,Malignant cell
SRR13092608,Malignant cell
SRR13092609,Malignant cell
SRR13092612,Malignant cell
SRR13092613,Malignant cell
SRR13092614,Malignant cell
SRR13092615,Malignant cell
SRR13092616,Malignant cell
SRR13092618,Malignant cell
SRR13092619,Malignant cell
SRR13092621,Malignant cell
SRR13092622,Malignant cell
SRR13092626,Malignant cell
SRR13092627,Malignant cell
SRR13092628,Malignant cell
SRR13092630,Malignant cell
SRR13092631,Malignant cell
SRR13092633,Malignant cell
SRR13092634,Malignant cell
SRR13092636,Malignant cell
SRR13092637,Malignant cell
SRR13092639,Malignant cell
SRR13092640,Malignant cell
SRR13092641,Malignant cell
SRR13092642,Malignant cell
SRR13092644,Malignant cell
SRR13092645,Malignant cell
SRR13092646,Malignant cell
SRR13092648,Malignant cell
SRR13092649,Malignant cell
SRR13092650,Malignant cell
SRR13092651,Malignant cell
SRR13092652,Malignant cell
SRR13092653,Malignant cell
SRR13092654,Malignant cell
SRR13092655,Malignant cell
SRR13092656,Malignant cell
SRR13092657,Malignant cell
SRR13092661,Malignant cell
SRR13092662,Malignant cell
SRR13092663,Malignant cell
SRR13092667,Malignant cell
SRR13092668,Malignant cell
SRR13092672,Malignant cell
SRR13092683,Malignant cell
SRR13092689,Malignant cell
SRR13092693,Malignant cell
SRR13092695,Malignant cell
SRR13092696,Malignant cell
SRR13092703,Malignant cell
SRR13092705,Malignant cell
SRR13092707,Malignant cell
SRR13092708,Malignant cell
SRR13092711,Malignant cell
SRR13092713,Malignant cell
SRR13092716,Malignant cell
SRR13092718,Malignant cell
SRR13092719,Malignant cell
SRR13092721,Malignant cell
SRR13092727,Malignant cell
SRR13092730,Malignant cell
SRR13092731,Malignant cell
SRR13092732,Malignant cell
SRR13092736,Malignant cell
SRR13092739,Malignant cell
SRR13092740,Malignant cell
SRR13092742,Malignant cell
SRR13092743,Malignant cell
SRR13092750,Malignant cell
SRR13092752,Malignant cell
SRR13092759,Malignant cell
SRR13092766,Malignant cell
SRR13092768,Malignant cell
SRR13092769,Malignant cell
SRR13092770,Malignant cell
SRR13092772,Malignant cell
SRR13092774,Malignant cell
SRR13092778,Malignant cell
SRR13092779,Malignant cell
SRR13092780,Malignant cell
SRR13092790,Malignant cell
SRR13092793,Malignant cell
SRR13092794,Malignant cell
SRR13092797,Malignant cell
SRR13092807,Malignant cell
SRR13092813,Malignant cell
SRR13092816,Malignant cell
SRR13092817,Malignant cell
SRR13092819,Malignant cell
SRR13092822,Malignant cell
SRR13092823,Malignant cell
SRR13092824,Malignant cell
SRR13092825,Malignant cell
SRR13092827,Malignant cell
SRR13092829,Malignant cell
SRR13092832,Malignant cell
SRR13092834,Malignant cell
SRR13092836,Malignant cell
SRR13092838,Malignant cell
SRR13092852,Malignant cell
SRR13092853,Malignant cell
SRR13092854,Malignant cell
SRR13092855,Malignant cell
SRR13092856,Malignant cell
SRR13092857,Malignant cell
SRR13092858,Malignant cell
SRR13092859,Malignant cell
SRR13092860,Malignant cell
SRR13092861,Malignant cell
SRR13092862,Malignant cell
SRR13092863,Malignant cell
SRR13092864,Malignant cell
SRR13092865,Malignant cell
SRR13092866,Malignant cell
SRR13092867,Malignant cell
SRR13092868,Malignant cell
SRR13092869,Malignant cell
SRR13092870,Malignant cell
SRR13092871,Malignant cell
SRR13092872,Malignant cell
SRR13092873,Malignant cell
SRR13092874,Malignant cell
SRR13092875,Malignant cell
SRR13092876,Malignant cell
SRR13092877,Malignant cell
SRR13092878,Malignant cell
SRR13092879,Malignant cell
SRR13092880,Malignant cell
SRR13092881,Malignant cell
SRR13092882,Malignant cell
SRR13092883,Malignant cell
SRR13092884,Malignant cell
SRR13092885,Malignant cell
SRR13092886,Malignant cell
SRR13092887,Malignant cell
SRR13092888,Malignant cell
SRR13092889,Malignant cell
SRR13092890,Malignant cell
SRR13092891,Malignant cell
SRR13092892,Malignant cell
SRR13092893,Malignant cell
SRR13092894,Malignant cell
SRR13092895,Malignant cell
SRR13092896,Malignant cell
SRR13092897,Malignant cell
SRR13092899,Malignant cell
SRR13092900,Malignant cell
SRR13092902,Malignant cell
SRR13092903,Malignant cell
SRR13092908,Malignant cell
SRR13092909,Malignant cell
SRR13092910,Malignant cell
SRR13092913,Malignant cell
SRR13092914,Malignant cell
SRR13092916,Malignant cell
SRR13092917,Malignant cell
SRR13092918,Malignant cell
SRR13092919,Malignant cell
SRR13092920,Malignant cell
SRR13092921,Malignant cell
SRR13092922,Malignant cell
SRR13092923,Malignant cell
SRR13092924,Malignant cell
SRR13092926,Malignant cell
SRR13092927,Malignant cell
SRR13092928,Malignant cell
SRR13092929,Malignant cell
SRR13092930,Malignant cell
SRR13092931,Malignant cell
SRR13092932,Malignant cell
SRR13092933,Malignant cell
SRR13092934,Malignant cell
SRR13092935,Malignant cell
SRR13092936,Malignant cell
SRR13092937,Malignant cell
SRR13092938,Malignant cell
SRR13092939,Malignant cell
SRR13092940,Malignant cell
SRR13092941,Malignant cell
SRR13092942,Malignant cell
SRR13092943,Malignant cell
SRR13092944,Malignant cell
SRR13092945,Malignant cell
SRR13092946,Malignant cell
SRR13092947,Malignant cell
SRR13092948,Malignant cell
SRR13092952,Malignant cell
SRR13092954,Malignant cell
SRR13092955,Malignant cell
SRR13092956,Malignant cell
SRR13092957,Malignant cell
SRR13092958,Malignant cell
SRR13092959,Malignant cell
SRR13092960,Malignant cell
SRR13092961,Malignant cell
SRR13092962,Malignant cell
SRR13092963,Malignant cell
SRR13092965,Malignant cell
SRR13092966,Malignant cell
SRR13092967,Malignant cell
SRR13092968,Malignant cell
SRR13092969,Malignant cell
SRR13092970,Malignant cell
SRR13092971,Malignant cell
SRR13092972,Malignant cell
SRR13092973,Malignant cell
SRR13092974,Malignant cell
SRR13092975,Malignant cell
SRR13092977,Malignant cell
SRR13092978,Malignant cell
SRR13092979,Malignant cell
SRR13092980,Malignant cell
SRR13092981,Malignant cell
SRR13092982,Malignant cell
SRR13092983,Malignant cell
SRR13092985,Malignant cell
SRR13092987,Malignant cell
SRR13092988,Malignant cell
SRR13092989,Malignant cell
SRR13092990,Malignant cell
SRR13092992,Malignant cell
SRR13092993,Malignant cell
SRR13092994,Malignant cell
SRR13092995,Malignant cell
SRR13092996,Malignant cell
SRR13092999,Malignant cell
SRR13093000,Malignant cell
SRR13093001,Malignant cell
SRR13093002,Malignant cell
SRR13093004,Malignant cell
SRR13093005,Malignant cell
SRR13093006,Malignant cell
SRR13093007,Malignant cell
SRR13093008,Malignant cell
SRR13093009,Malignant cell
SRR13093010,Malignant cell
SRR13093011,Malignant cell
SRR13093012,Malignant cell
SRR13093015,Malignant cell
SRR13093017,Malignant cell
SRR13093018,Malignant cell
SRR13093019,Malignant cell
SRR13093020,Malignant cell
SRR13093022,Malignant cell
SRR13093024,Malignant cell
SRR13093025,Malignant cell
SRR13093026,Malignant cell
SRR13093027,Malignant cell
SRR13093028,Malignant cell
SRR13093029,Malignant cell
SRR13093031,Malignant cell
SRR13093032,Malignant cell
SRR13093033,Malignant cell
SRR13093034,Malignant cell
SRR13093035,Malignant cell
SRR13093036,Malignant cell
SRR13093037,Malignant cell
SRR13093039,Malignant cell
SRR13093040,Malignant cell
SRR13093041,Malignant cell
SRR13093042,Malignant cell
SRR13093043,Malignant cell
SRR13093044,Malignant cell
SRR13093045,Malignant cell
SRR13093046,Malignant cell
SRR13093047,Malignant cell
SRR13093048,Malignant cell
SRR13093049,Malignant cell
SRR13093050,Malignant cell
SRR13093051,Malignant cell
SRR13093052,Malignant cell
SRR13093053,Malignant cell
SRR13093054,Malignant cell
SRR13093055,Malignant cell
SRR13093056,Malignant cell
SRR13093057,Malignant cell
SRR13093058,Malignant cell
SRR13093059,Malignant cell
SRR13093060,Malignant cell
SRR13093061,Malignant cell
SRR13093062,Malignant cell
SRR13093063,Malignant cell
SRR13093064,Malignant cell
SRR13093066,Malignant cell
SRR13093067,Malignant cell
SRR13093068,Malignant cell
SRR13093069,Malignant cell
SRR13093070,Malignant cell
SRR13093071,Malignant cell
SRR13093072,Malignant cell
SRR13093073,Malignant cell
SRR13093074,Malignant cell
SRR13093075,Malignant cell
SRR13093076,Malignant cell
SRR13093077,Malignant cell
SRR13093078,Malignant cell
SRR13093079,Malignant cell
SRR13093080,Malignant cell
SRR13093081,Malignant cell
SRR13093082,Malignant cell
SRR13093084,Malignant cell
SRR13093085,Malignant cell
SRR13093086,Malignant cell
SRR13093087,Malignant cell
SRR13093088,Malignant cell
SRR13093090,Malignant cell
SRR13093091,Malignant cell
SRR13093092,Malignant cell
SRR13093093,Malignant cell
SRR13093094,Malignant cell
SRR13093095,Malignant cell
SRR13093096,Malignant cell
SRR13093097,Malignant cell
SRR13093098,Malignant cell
SRR13093100,Malignant cell
SRR13093101,Malignant cell
SRR13093102,Malignant cell
SRR13093103,Malignant cell
SRR13093104,Malignant cell
SRR13093105,Malignant cell
SRR13093106,Malignant cell
SRR13093108,Malignant cell
SRR13093109,Malignant cell
SRR13093110,Malignant cell
SRR13093111,Malignant cell
SRR13093112,Malignant cell
SRR13093113,Malignant cell
SRR13093114,Malignant cell
SRR13093115,Malignant cell
SRR13093116,Malignant cell
SRR13093117,Malignant cell
SRR13093118,Malignant cell
SRR13093119,Malignant cell
SRR13093120,Malignant cell
SRR13093121,Malignant cell
SRR13093122,Malignant cell
SRR13093124,Malignant cell
SRR13093125,Malignant cell
SRR13093128,Malignant cell
SRR13093129,Malignant cell
SRR13093130,Malignant cell
SRR13093131,Malignant cell
SRR13093132,Malignant cell
SRR13093133,Malignant cell
SRR13093136,Malignant cell
SRR13093137,Malignant cell
SRR13093138,Malignant cell
SRR13093139,Malignant cell
SRR13093140,Malignant cell
SRR13093141,Malignant cell
SRR13093142,Malignant cell
SRR13093143,Malignant cell
SRR13093144,Malignant cell
SRR13093145,Malignant cell
SRR13093146,Malignant cell
SRR13093148,Malignant cell
SRR13093149,Malignant cell
SRR13093150,Malignant cell
SRR13093151,Malignant cell
SRR13093152,Malignant cell
SRR13093154,Malignant cell
SRR13093156,Malignant cell
SRR13093157,Malignant cell
SRR13093158,Malignant cell
SRR13093159,Malignant cell
SRR13093160,Malignant cell
SRR13093162,Malignant cell
SRR13093164,Malignant cell
SRR13093165,Malignant cell
SRR13093169,Malignant cell
SRR13093170,Malignant cell
SRR13093171,Malignant cell
SRR13093172,Malignant cell
SRR13093173,Malignant cell
SRR13093175,Malignant cell
SRR13093176,Malignant cell
SRR13093177,Malignant cell
SRR13093180,Malignant cell
SRR13093181,Malignant cell
SRR13093182,Malignant cell
SRR13093183,Malignant cell
SRR13093186,Malignant cell
SRR13093189,Malignant cell
SRR13093190,Malignant cell
SRR13093191,Malignant cell
SRR13093193,Malignant cell
SRR13093194,Malignant cell
SRR13093196,Malignant cell
SRR13093197,Malignant cell
SRR13093198,Malignant cell
SRR13093199,Malignant cell
SRR13093200,Malignant cell
SRR13093202,Malignant cell
SRR13093203,Malignant cell
SRR13093204,Malignant cell
SRR13093205,Malignant cell
SRR13093207,Malignant cell
SRR13093208,Malignant cell
SRR13093211,Malignant cell
SRR13093213,Malignant cell
SRR13093214,Malignant cell
SRR13093216,Malignant cell
SRR13093217,Malignant cell
SRR13093218,Malignant cell
SRR13093220,Malignant cell
SRR13093221,Malignant cell
SRR13093222,Malignant cell
SRR13093223,Malignant cell
SRR13093224,Malignant cell
SRR13093225,Malignant cell
SRR13093226,Malignant cell
SRR13093227,Malignant cell
SRR13093228,Malignant cell
SRR13093230,Malignant cell
SRR13093234,Malignant cell
SRR13093235,Malignant cell
SRR13093239,Malignant cell
SRR13093253,Malignant cell
SRR13093258,Malignant cell
SRR13093268,Malignant cell
SRR13093271,Malignant cell
SRR13093273,Malignant cell
SRR13093277,Malignant cell
SRR13093283,Malignant cell
SRR13093285,Malignant cell
SRR13093288,Malignant cell
SRR13093292,Malignant cell
SRR13093297,Malignant cell
SRR13093304,Malignant cell
SRR13093305,Malignant cell
SRR13093313,Malignant cell
SRR13093314,Malignant cell
SRR13093317,Malignant cell
SRR13093318,Malignant cell
SRR13093323,Malignant cell
SRR13093324,Malignant cell
SRR13093325,Malignant cell
SRR13093328,Malignant cell
SRR13093330,Malignant cell
SRR13093333,Malignant cell
SRR13093335,Malignant cell
SRR13093336,Malignant cell
SRR13093337,Malignant cell
SRR13093339,Malignant cell
SRR13093343,Malignant cell
SRR13093344,Malignant cell
SRR13093345,Malignant cell
SRR13093346,Malignant cell
SRR13093347,Malignant cell
SRR13093350,Malignant cell
SRR13093351,Malignant cell
SRR13093353,Malignant cell
SRR13093356,Malignant cell
SRR13093358,Malignant cell
SRR13093359,Malignant cell
SRR13093361,Malignant cell
SRR13093363,Malignant cell
SRR13093367,Malignant cell
SRR13093368,Malignant cell
SRR13093370,Malignant cell
SRR13093371,Malignant cell
SRR13093374,Malignant cell
SRR13093375,Malignant cell
SRR13093378,Malignant cell
SRR13093379,Malignant cell
SRR13093384,Malignant cell
SRR13093387,Malignant cell
SRR13093388,Malignant cell
SRR13093393,Malignant cell
SRR13093394,Malignant cell
SRR13093395,Malignant cell
SRR13093396,Malignant cell
SRR13093398,Malignant cell
SRR13093401,Malignant cell
SRR13093403,Malignant cell
SRR13093405,Malignant cell
SRR13093407,Malignant cell
SRR13093409,Malignant cell
SRR13093412,Malignant cell
SRR13093413,Malignant cell
SRR13093415,Malignant cell
SRR13093416,Malignant cell
SRR13093417,Malignant cell
SRR13093419,Malignant cell
SRR13093427,Malignant cell
SRR13093429,Malignant cell
SRR13093430,Malignant cell
SRR13093431,Malignant cell
SRR13093432,Malignant cell
SRR13093433,Malignant cell
SRR13093434,Malignant cell
SRR13093437,Malignant cell
SRR13093439,Malignant cell
SRR13093440,Malignant cell
SRR13093441,Malignant cell
SRR13093442,Malignant cell
SRR13093444,Malignant cell
SRR13093447,Malignant cell
SRR13093448,Malignant cell
SRR13093450,Malignant cell
SRR13093451,Malignant cell
SRR13093454,Malignant cell
SRR13093455,Malignant cell
SRR13093460,Malignant cell
SRR13093461,Malignant cell
SRR13093462,Malignant cell
SRR13093466,Malignant cell
SRR13093468,Malignant cell
SRR13093469,Malignant cell
SRR13093472,Malignant cell
SRR13093474,Malignant cell
SRR13093475,Malignant cell
SRR13093477,Malignant cell
SRR13093478,Malignant cell
SRR13093480,Malignant cell
SRR13093481,Malignant cell
SRR13093482,Malignant cell
SRR13093485,Malignant cell
SRR13093486,Malignant cell
SRR13093488,Malignant cell
SRR13093489,Malignant cell
SRR13093490,Malignant cell
SRR13093491,Malignant cell
SRR13093492,Malignant cell
SRR13093493,Malignant cell
SRR13093497,Malignant cell
SRR13093500,Malignant cell
SRR13093501,Malignant cell
SRR13093502,Malignant cell
SRR13093503,Malignant cell
SRR13093504,Malignant cell
SRR13093507,Malignant cell
SRR13093508,Malignant cell
SRR13093509,Malignant cell
SRR13093510,Malignant cell
SRR13093511,Malignant cell
SRR13093512,Malignant cell
SRR13093513,Malignant cell
SRR13093514,Malignant cell
SRR13093515,Malignant cell
SRR13093516,Malignant cell
SRR13093517,Malignant cell
SRR13093518,Malignant cell
SRR13093519,Malignant cell
SRR13093520,Malignant cell
SRR13093521,Malignant cell
SRR13093522,Malignant cell
SRR13093523,Malignant cell
SRR13093524,Malignant cell
SRR13093525,Malignant cell
SRR13093526,Malignant cell
SRR13093527,Malignant cell
SRR13093529,Malignant cell
SRR13093530,Malignant cell
SRR13093531,Malignant cell
SRR13093532,Malignant cell
SRR13093533,Malignant cell
SRR13093534,Malignant cell
SRR13093535,Malignant cell
SRR13093536,Malignant cell
SRR13093537,Malignant cell
SRR13093538,Malignant cell
SRR13093539,Malignant cell
SRR13093540,Malignant cell
SRR13093541,Malignant cell
SRR13093542,Malignant cell
SRR13093543,Malignant cell
SRR13093544,Malignant cell
SRR13093545,Malignant cell
SRR13093546,Malignant cell
SRR13093547,Malignant cell
SRR13093548,Malignant cell
SRR13093549,Malignant cell
SRR13093550,Malignant cell
SRR13093551,Malignant cell
SRR13093552,Malignant cell
SRR13093553,Malignant cell
SRR13093554,Malignant cell
SRR13093555,Malignant cell
SRR13093556,Malignant cell
SRR13093558,Malignant cell
SRR13093559,Malignant cell
SRR13093560,Malignant cell
SRR13093561,Malignant cell
SRR13093562,Malignant cell
SRR13093565,Malignant cell
SRR13093566,Malignant cell
SRR13093567,Malignant cell
SRR13093568,Malignant cell
SRR13093570,Malignant cell
SRR13093571,Malignant cell
SRR13093572,Malignant cell
SRR13093573,Malignant cell
SRR13093574,Malignant cell
SRR13093575,Malignant cell
SRR13093576,Malignant cell
SRR13093577,Malignant cell
SRR13093578,Malignant cell
SRR13093580,Malignant cell
SRR13093581,Malignant cell
SRR13093582,Malignant cell
SRR13093583,Malignant cell
SRR13093584,Malignant cell
SRR13093585,Malignant cell
SRR13093586,Malignant cell
SRR13093587,Malignant cell
SRR13093588,Malignant cell
SRR13093589,Malignant cell
SRR13093590,Malignant cell
SRR13093591,Malignant cell
SRR13093592,Malignant cell
SRR13093593,Malignant cell
SRR13093594,Malignant cell
SRR13093595,Malignant cell
SRR13093596,Malignant cell
SRR13093597,Malignant cell
SRR13093598,Malignant cell
SRR13093599,Malignant cell
SRR13093600,Malignant cell
SRR13093601,Malignant cell
SRR13093602,Malignant cell
SRR13093603,Malignant cell
SRR13093605,Malignant cell
SRR13093607,Malignant cell
SRR13093608,Malignant cell
SRR13093609,Malignant cell
SRR13093611,Malignant cell
SRR13093612,Malignant cell
SRR13093613,Malignant cell
SRR13093614,Malignant cell
SRR13093615,Malignant cell
SRR13093616,Malignant cell
SRR13093617,Malignant cell
SRR13093618,Malignant cell
SRR13093619,Malignant cell
SRR13093620,Malignant cell
SRR13093621,Malignant cell
SRR13093622,Malignant cell
SRR13093624,Malignant cell
SRR13093625,Malignant cell
SRR13093626,Malignant cell
SRR13093627,Malignant cell
SRR13093628,Malignant cell
SRR13093629,Malignant cell
SRR13093630,Malignant cell
SRR13093631,Malignant cell
SRR13093632,Malignant cell
SRR13093633,Malignant cell
SRR13093635,Malignant cell
SRR13093636,Malignant cell
SRR13093637,Malignant cell
SRR13093638,Malignant cell
SRR13093639,Malignant cell
SRR13093640,Malignant cell
SRR13093641,Malignant cell
SRR13093642,Malignant cell
SRR13093643,Malignant cell
SRR13093644,Malignant cell
SRR13093645,Malignant cell
SRR13093646,Malignant cell
SRR13093647,Malignant cell
SRR13093648,Malignant cell
SRR13093650,Malignant cell
SRR13093651,Malignant cell
SRR13093653,Malignant cell
SRR13093655,Malignant cell
SRR13093656,Malignant cell
SRR13093657,Malignant cell
SRR13093658,Malignant cell
SRR13093659,Malignant cell
SRR13093660,Malignant cell
SRR13093661,Malignant cell
SRR13093662,Malignant cell
SRR13093663,Malignant cell
SRR13093665,Malignant cell
SRR13093666,Malignant cell
SRR13093667,Malignant cell
SRR13093669,Malignant cell
SRR13093670,Malignant cell
SRR13093671,Malignant cell
SRR13093672,Malignant cell
SRR13093673,Malignant cell
SRR13093674,Malignant cell
SRR13093675,Malignant cell
SRR13093676,Malignant cell
SRR13093677,Malignant cell
SRR13093678,Malignant cell
SRR13093679,Malignant cell
SRR13093680,Malignant cell
SRR13093681,Malignant cell
SRR13093682,Malignant cell
SRR13093683,Malignant cell
SRR13093684,Malignant cell
SRR13093685,Malignant cell
SRR13093688,Malignant cell
SRR13093689,Malignant cell
SRR13093690,Malignant cell
SRR13093691,Malignant cell
SRR13093692,Malignant cell
SRR13093694,Malignant cell
SRR13093695,Malignant cell
